alpha,beta,gamma,threshold,rcr,fpr,mean_rti_clean,mean_rti_poison,trust_separation,opt_score
0.2,0.4,0.4,0.2,1.0,0.0,0.3901594495935725,0.8274595178854979,-0.43730006829192536,-0.09746001365838508
0.2,0.4,0.4,0.25,1.0,0.03580562659846547,0.3901594495935725,0.8274595178854979,-0.43730006829192536,-0.15116845355608327
0.2,0.4,0.4,0.3,1.0,0.25831202046035806,0.3901594495935725,0.8274595178854979,-0.43730006829192536,-0.48492804434892217
0.2,0.4,0.4,0.35,1.0,0.4782608695652174,0.3901594495935725,0.8274595178854979,-0.43730006829192536,-0.8148513180062112
0.2,0.4,0.4,0.4,1.0,0.618925831202046,0.3901594495935725,0.8274595178854979,-0.43730006829192536,-1.0258487604614541
0.2,0.4,0.4,0.45,1.0,0.6982097186700768,0.3901594495935725,0.8274595178854979,-0.43730006829192536,-1.1447745916635004
0.2,0.4,0.4,0.5,1.0,0.7877237851662404,0.3901594495935725,0.8274595178854979,-0.43730006829192536,-1.2790456914077457
0.2,0.4,0.4,0.55,1.0,0.9462915601023018,0.3901594495935725,0.8274595178854979,-0.43730006829192536,-1.5168973538118378
0.2,0.4,0.4,0.6,1.0,0.9641943734015346,0.3901594495935725,0.8274595178854979,-0.43730006829192536,-1.5437515737606868
0.2,0.4,0.4,0.65,1.0,0.969309462915601,0.3901594495935725,0.8274595178854979,-0.43730006829192536,-1.5514242080317868
0.2,0.4,0.4,0.7,1.0,0.9820971867007673,0.3901594495935725,0.8274595178854979,-0.43730006829192536,-1.570605793709536
0.2,0.5,0.3,0.2,1.0,0.0,0.45989667802310263,0.8255662127960012,-0.36566953477289854,-0.08313390695457971
0.2,0.5,0.3,0.25,1.0,0.0,0.45989667802310263,0.8255662127960012,-0.36566953477289854,-0.08313390695457971
0.2,0.5,0.3,0.3,1.0,0.010230179028132993,0.45989667802310263,0.8255662127960012,-0.36566953477289854,-0.0984791754967792
0.2,0.5,0.3,0.35,1.0,0.1585677749360614,0.45989667802310263,0.8255662127960012,-0.36566953477289854,-0.3209855693586718
0.2,0.5,0.3,0.4,1.0,0.3836317135549872,0.45989667802310263,0.8255662127960012,-0.36566953477289854,-0.6585814772870605
0.2,0.5,0.3,0.45,1.0,0.5728900255754475,0.45989667802310263,0.8255662127960012,-0.36566953477289854,-0.9424689453177509
0.2,0.5,0.3,0.5,1.0,0.6624040920716112,0.45989667802310263,0.8255662127960012,-0.36566953477289854,-1.0767400450619966
0.2,0.5,0.3,0.55,1.0,0.7365728900255755,0.45989667802310263,0.8255662127960012,-0.36566953477289854,-1.1879932419929429
0.2,0.5,0.3,0.6,1.0,0.8695652173913043,0.45989667802310263,0.8255662127960012,-0.36566953477289854,-1.3874817330415363
0.2,0.5,0.3,0.65,1.0,0.9667519181585678,0.45989667802310263,0.8255662127960012,-0.36566953477289854,-1.5332617841924314
0.2,0.5,0.3,0.7,1.0,0.9820971867007673,0.45989667802310263,0.8255662127960012,-0.36566953477289854,-1.5562796870057307
0.3,0.3,0.4,0.2,1.0,0.08184143222506395,0.3573574123754229,0.8413646049407705,-0.4840071925653476,-0.22956358685066544
0.3,0.3,0.4,0.25,1.0,0.329923273657289,0.3573574123754229,0.8413646049407705,-0.4840071925653476,-0.6016863489990031
0.3,0.3,0.4,0.3,1.0,0.47570332480818417,0.3573574123754229,0.8413646049407705,-0.4840071925653476,-0.8203564257253458
0.3,0.3,0.4,0.35,1.0,0.578005115089514,0.3573574123754229,0.8413646049407705,-0.4840071925653476,-0.9738091111473406
0.3,0.3,0.4,0.4,1.0,0.6445012787723785,0.3573574123754229,0.8413646049407705,-0.4840071925653476,-1.0735533566716373
0.3,0.3,0.4,0.45,1.0,0.7058823529411765,0.3573574123754229,0.8413646049407705,-0.4840071925653476,-1.1656249679248343
0.3,0.3,0.4,0.5,1.0,0.7468030690537084,0.3573574123754229,0.8413646049407705,-0.4840071925653476,-1.2270060420936322
0.3,0.3,0.4,0.55,1.0,0.9156010230179028,0.3573574123754229,0.8413646049407705,-0.4840071925653476,-1.4802029730399238
0.3,0.3,0.4,0.6,1.0,0.9718670076726342,0.3573574123754229,0.8413646049407705,-0.4840071925653476,-1.564601950022021
0.3,0.3,0.4,0.65,1.0,0.979539641943734,0.3573574123754229,0.8413646049407705,-0.4840071925653476,-1.5761109014286705
0.3,0.3,0.4,0.7,0.99,0.9820971867007673,0.3573574123754229,0.8413646049407705,-0.4840071925653476,-1.5699472185642205
0.3,0.4,0.3,0.2,1.0,0.0,0.4270946408049534,0.8394712998512747,-0.41237665904632126,-0.09247533180926426
0.3,0.4,0.3,0.25,1.0,0.028132992327365727,0.4270946408049534,0.8394712998512747,-0.41237665904632126,-0.13467482030031286
0.3,0.4,0.3,0.3,1.0,0.23785166240409208,0.4270946408049534,0.8394712998512747,-0.41237665904632126,-0.4492528254154024
0.3,0.4,0.3,0.35,1.0,0.40153452685422,0.4270946408049534,0.8394712998512747,-0.41237665904632126,-0.6947771220905942
0.3,0.4,0.3,0.4,1.0,0.5370843989769821,0.4270946408049534,0.8394712998512747,-0.41237665904632126,-0.8981019302747374
0.3,0.4,0.3,0.45,1.0,0.6112531969309463,0.4270946408049534,0.8394712998512747,-0.41237665904632126,-1.0093551272056835
0.3,0.4,0.3,0.5,1.0,0.680306905370844,0.4270946408049534,0.8394712998512747,-0.41237665904632126,-1.1129356898655303
0.3,0.4,0.3,0.55,1.0,0.7340153452685422,0.4270946408049534,0.8394712998512747,-0.41237665904632126,-1.1934983497120775
0.3,0.4,0.3,0.6,1.0,0.8107416879795396,0.4270946408049534,0.8394712998512747,-0.41237665904632126,-1.3085878637785737
0.3,0.4,0.3,0.65,1.0,0.969309462915601,0.4270946408049534,0.8394712998512747,-0.41237665904632126,-1.5464395261826658
0.3,0.4,0.3,0.7,0.99,0.9820971867007673,0.4270946408049534,0.8394712998512747,-0.41237665904632126,-1.555621111860415
0.3,0.5,0.2,0.2,1.0,0.0,0.49683186923448514,0.8375779947617776,-0.3407461255272925,-0.0781492251054585
0.3,0.5,0.2,0.25,1.0,0.0,0.49683186923448514,0.8375779947617776,-0.3407461255272925,-0.0781492251054585
0.3,0.5,0.2,0.3,1.0,0.010230179028132993,0.49683186923448514,0.8375779947617776,-0.3407461255272925,-0.093494493647658
0.3,0.5,0.2,0.35,1.0,0.15089514066496162,0.49683186923448514,0.8375779947617776,-0.3407461255272925,-0.30449193610290093
0.3,0.5,0.2,0.4,1.0,0.3273657289002558,0.49683186923448514,0.8375779947617776,-0.3407461255272925,-0.5691978184558422
0.3,0.5,0.2,0.45,1.0,0.48081841432225064,0.49683186923448514,0.8375779947617776,-0.3407461255272925,-0.7993768465888345
0.3,0.5,0.2,0.5,1.0,0.5882352941176471,0.49683186923448514,0.8375779947617776,-0.3407461255272925,-0.9605021662819291
0.3,0.5,0.2,0.55,1.0,0.6572890025575447,0.49683186923448514,0.8375779947617776,-0.3407461255272925,-1.0640827289417756
0.3,0.5,0.2,0.6,1.0,0.7340153452685422,0.49683186923448514,0.8375779947617776,-0.3407461255272925,-1.1791722430082718
0.3,0.5,0.2,0.65,1.0,0.7723785166240409,0.49683186923448514,0.8375779947617776,-0.3407461255272925,-1.2367170000415197
0.3,0.5,0.2,0.7,0.99,0.8900255754475703,0.49683186923448514,0.8375779947617776,-0.3407461255272925,-1.4031875882768141
0.4,0.3,0.3,0.2,1.0,0.0792838874680307,0.3942926035868045,0.8533763869065465,-0.459083783319742,-0.22074258786599443
0.4,0.3,0.3,0.25,1.0,0.3145780051150895,0.3942926035868045,0.8533763869065465,-0.459083783319742,-0.5736837643365826
0.4,0.3,0.3,0.3,1.0,0.40664961636828645,0.3942926035868045,0.8533763869065465,-0.459083783319742,-0.7117911812163781
0.4,0.3,0.3,0.35,1.0,0.5166240409207161,0.3942926035868045,0.8533763869065465,-0.459083783319742,-0.8767528180450226
0.4,0.3,0.3,0.4,1.0,0.5831202046035806,0.3942926035868045,0.8533763869065465,-0.459083783319742,-0.9764970635693193
0.4,0.3,0.3,0.45,1.0,0.6419437340153452,0.3942926035868045,0.8533763869065465,-0.459083783319742,-1.064732357686966
0.4,0.3,0.3,0.5,1.0,0.7058823529411765,0.3942926035868045,0.8533763869065465,-0.459083783319742,-1.1606402860757132
0.4,0.3,0.3,0.55,1.0,0.7365728900255755,0.3942926035868045,0.8533763869065465,-0.459083783319742,-1.2066760917023114
0.4,0.3,0.3,0.6,1.0,0.7723785166240409,0.3942926035868045,0.8533763869065465,-0.459083783319742,-1.2603845316000095
0.4,0.3,0.3,0.65,1.0,0.9309462915601023,0.3942926035868045,0.8533763869065465,-0.459083783319742,-1.498236194004102
0.4,0.3,0.3,0.7,0.99,0.9820971867007673,0.3942926035868045,0.8533763869065465,-0.459083783319742,-1.5649625367150994
0.4,0.4,0.2,0.2,1.0,0.0,0.4640298320163361,0.8514830818170505,-0.3874532498007144,-0.08749064996014289
0.4,0.4,0.2,0.25,1.0,0.028132992327365727,0.4640298320163361,0.8514830818170505,-0.3874532498007144,-0.12969013845119148
0.4,0.4,0.2,0.3,1.0,0.22506393861892582,0.4640298320163361,0.8514830818170505,-0.3874532498007144,-0.4250865578885316
0.4,0.4,0.2,0.35,1.0,0.3657289002557545,0.4640298320163361,0.8514830818170505,-0.3874532498007144,-0.6360840003437747
0.4,0.4,0.2,0.4,1.0,0.4782608695652174,0.4640298320163361,0.8514830818170505,-0.3874532498007144,-0.804881954307969
0.4,0.4,0.2,0.45,1.0,0.5626598465473146,0.4640298320163361,0.8514830818170505,-0.3874532498007144,-0.9314804197811148
0.4,0.4,0.2,0.5,1.0,0.6342710997442456,0.4640298320163361,0.8514830818170505,-0.3874532498007144,-1.0388972995765111
0.4,0.4,0.2,0.55,1.0,0.6726342710997443,0.4640298320163361,0.8514830818170505,-0.3874532498007144,-1.0964420566097592
0.4,0.4,0.2,0.6,1.0,0.731457800511509,0.4640298320163361,0.8514830818170505,-0.3874532498007144,-1.1846773507274064
0.4,0.4,0.2,0.65,0.99,0.7570332480818415,0.4640298320163361,0.8514830818170505,-0.3874532498007144,-1.213040522082905
0.4,0.4,0.2,0.7,0.99,0.8209718670076727,0.4640298320163361,0.8514830818170505,-0.3874532498007144,-1.3089484504716518
