query_id,question,correct_answer
nq_8679234345689046995,when does the trials of apollo take place,
nq_-8113396384315843115,why is there high unemployment rates in developing countries,
nq_-8573744013098648520,what classification is used in mims to classify the medicine,
nq_7402157412656266707,who wrote the song when will i be loved,
nq_6536157232391545760,what type of colony was virginia in 1607,
nq_-5352316609749217561,meaning of the song holiday by green day,
nq_-1929971069717093544,where was star wars scene with luke filmed,
nq_-6755685734701971140,who is the chair of the senate finance committee,
nq_6757519085976641992,what flag has green white and red stripes,
nq_2643221004823408663,character log the count of monte cristo by alexandre dumas,
nq_723583086094322792,when does project runway show at fashion week,
nq_-7108051406398347988,who presides over the joint sitting of the two houses of the parliament,
nq_-893099931725939831,who used to present a question of sport,
nq_-8216584832913161002,has there ever been a 5 star marine general,
nq_691522627202029675,the economic boom and social transformation of postwar united states,
nq_-7472982234601487783,israel iz kamakawiwoʻole over the rainbow what a wonderful world,
hp_5ae214765542997283cd23c0,Do Frank Pepe Pizzeria Napoletana and Sarpino's Pizzeria both sell pizza?,yes
nq_8785375239765857073,what allies suffered the greatest military and civilian loss of life during world war ii,
nq_-692550472589456314,a storm of swords part 1 steel and snow,
nq_-3066832486070706632,who played rosario on will & grace and is she still alive,
nq_8147761563032274686,who played entwistle in last of the summer wine,
nq_-7058125561409882828,explain the power and function of election commission of india,
nq_5722560429647981291,where is the deepest lake in the united states,
nq_7782829819874192347,who had cameo roles in mamma mia here we go again,
nq_7624255920446104195,i never cried when old yeller died at least not in front of my friends,
nq_-8032339191187707682,average salary of a person in the united states,
nq_6023214147686895986,who played ada borgia on law and order,
nq_-7193102240793787107,when were catholic churches allowed back in england,
nq_4817555519807193717,who is in the a team in pll,
nq_7193015052844565345,who wrote the song one wing from sparkle,
nq_-392361357655479050,right to counsel clause of the sixth amendment,
nq_6220460453026223280,who did auburn lose to in football this year,
nq_-2209295454985973932,who is the guy on the kentucky fried chicken commercial,
nq_3715876292021355176,who does the voice for the aflac duck,
nq_-994858937602675787,is there a 500 dollar bill in us currency,
nq_8931437876527814619,what impact did the indian ocean trade have on southern china,
nq_8491355306750212268,who is the deputy governor of gombe state,
nq_1316841995459808583,how many nfl games in a season total,
nq_522009333885028608,where does we need to talk about kevin take place,
nq_2726065511392143164,where did the invasion of normandy take place,
nq_4692195484747153542,which civil rights leader led the montgomery bus boycott,
nq_7046135016247794196,the blueprint of any database system is the,
nq_-634585954403844210,ways to promote national consciousness integrity and unity,
hp_5a7fd0ab5542992e7d278daf,Were Jonathan Lynn and Ettore Scola both film directors?,yes
nq_9161432164692798741,who headed the national planning committee of india in 1938,
nq_4670503694059700805,for heavy elements what is the ratio of neutrons to protons that predicts a stable nucleus,
nq_8027701298273220871,how to become mayor of a city in india,
nq_1156596079165627254,what does shaggy from scooby doo look like now,
nq_2722480658048570145,when was the treaty of sugauli concluded and between whom,
nq_773449446131172323,the four essential elements for life are _,
nq_6938010073502677601,what does a new york accent sound like,
nq_-416113768393877592,who sings hey now hey now the dream is over,
nq_-6237805564660511797,what years did they make the honda element,
nq_-6927815348541192011,who sings the song cruisin on a sunday afternoon,
nq_-6932160101753500768,who does england play in the world cup,
nq_-1593097001973275211,how far is knoxville tn from memphis tn,
nq_-5053154885553315765,what kind of gin for long island iced tea,
nq_-4961029309707853417,where did you sleep last night song wiki,
nq_2638233413886054482,when does luke find out he is leia's brother,
nq_-8448102980101929348,who played the hunchback in the movie 300,
nq_-7334866626119549636,how many provinces and territories are in canada,
nq_-3280963377494034044,who are the current justices of the u.s. supreme court,
nq_-9157483074310090243,what was adam sandler's job in big daddy,
nq_-6839066223334291666,who has climbed the great wall of china,
nq_-879975919127422148,when was the united states founded as a country,
nq_-348265892013363322,the noble gas in the same period as germanium,
nq_-7720805685955060480,what goods does the us trade with canada,
nq_6454000464452252790,countries that have already qualified for russia 2018 world cup,
nq_-7988713833528865178,where did the name three 6 mafia come from,
nq_8226594507078887108,when did countrywide merge with bank of america,
nq_3233660278707547741,who tried to make the first flying car,
nq_-387969202654681221,what is the purpose of a usdot number,
nq_-3468583499758183242,where does the last name perez originate from,
nq_-4947150851036787277,when did mike trout come into the league,
nq_-5646034910778214072,why do you want to put stars in your eyes,
nq_-2517915053492093909,where are most of the gas molecules in the atmosphere found,
nq_-5548181412162493569,what is the color of hyperlink in html,
nq_1916793360678634314,who wrote a book describing the universe with the sun in the center,
nq_662447343640272802,how many points did robert parish score in his career,
nq_-2245369907453600660,when did the rosary become a catholic devotion,
nq_-3145331203286953496,now that's what i call music 21 uk,
nq_8738886892112996704,where does the production of blood cells take place,
nq_-8732373728652764726,where's washington dc located on a map,
nq_5612855911575821466,where was kal ho na ho shot in new york,
nq_6567326830872671919,who played spock's mother in the voyage home,
nq_2345309749522441988,where does the indus river begin and end,
nq_7441762840751367380,erupted on august 3 1965 as the result of a routine arrest of a drunk driver,
nq_-6153336578165192515,when did american ninja warrior film in dallas,
nq_8687331517131416744,when does kanye come on keeping up with the kardashians,
nq_7307456895010738028,list mvc type. explain mvc architecture with diagram,
nq_9161904948508611541,information about the musical instrument called jaltarang and how the different notes are produced,
nq_2180812666015191070,who sings im only happy when it rains,
nq_6409967357369415235,what is the drive train on a bmw,
nq_-4701599417481964674,what is north carolina department of public safety,
nq_-8582046623835273870,who is the singing voice of jasmine in aladdin,
nq_-2091962267839999821,travis tritt i am going to be somebody,
nq_-6347892898817965662,who plays the baby in bridget jones baby,
nq_409760905706560885,first indian man to step on the moon,
nq_-5803617122969434646,who is the cast of the great gatsby 2012,
